Titolare,Conto,ISIN,Descrizione,Valuta,Asset_Class,Quantita_Nominale,Prezzo_Carico,Valore_Carico,Prezzo_Attuale,Valore_Attuale,Plusvalenza,Plusvalenza_Percentuale,Cedola_Percentuale,Cedola_Netta_Annua,Frequenza_Cedola,Data_Prossima_Cedola,Data_Scadenza,Rating,Duration
SERAFINA,Mediobanca,IT0005544082,BTP 4.35% 2033,EUR,BOND,15000.0,99.9573,14993.6,100.33,15049.5,55.9,0.37,4.35,570.94,Semestrale,2026-11-01,2033-11-01,,7
SERAFINA,Mediobanca,IT0005530032,BTP 4.45% 2043,EUR,BOND,14000.0,94.9767,13296.74,94.63,13248.2,-48.54,-0.37,4.45,545.13,Semestrale,2027-03-01,2043-09-01,,17
SERAFINA,Mediobanca,IT0004923998,BTP 4.75% 2044,EUR,BOND,17000.0,93.505,15895.85,97.9,16643.0,747.15,4.7,4.75,706.56,Semestrale,2027-03-01,2044-09-01,,18
SERAFINA,Mediobanca,IT0005534141,BTP 4.50% 2053,EUR,BOND,18000.0,93.4224,16816.03,91.3,16434.0,-382.03,-2.27,4.5,708.75,Semestrale,2026-10-01,2053-10-01,,27
SERAFINA,Mediobanca,IT0005273013,BTP 3.45% 2048,EUR,BOND,17000.0,92.3071,15692.21,79.51,13516.7,-2175.51,-13.86,3.45,513.19,Semestrale,2027-03-01,2048-03-01,,22
FRANCESCO,Mediobanca,IT0004923998,"BTP 01ST44  4,75%",EUR,BOND,21000.0,106.721428,,98.13,20645.77,-1810.368,-8.08,,,,,,,
FRANCESCO,Mediobanca,IT0005611741,"BTP 17.09.24-54 4,3%",EUR,BOND,6000.0,99.007999,,88.21,5404.75,-647.955,-10.9,,,,,,,
FRANCESCO,Mediobanca,IT0005534141,"BTP 23.02.23-53  4,5",EUR,BOND,14000.0,102.531,,91.42,13072.01,-1556.03,-10.84,,,,,,,
FRANCESCO,Mediobanca,IT0005273013,"BTP TF 3,45% MZ48 EU",EUR,BOND,6000.0,92.603333,,79.83,4801.89,-766.807,-13.8,,,,,,,
FRANCESCO,Mediobanca,IT0004286966,BTP-1AG39 5%,EUR,BOND,25000.0,110.0,,102.84,25887.95,-1790.057,-6.5,,,,,,,
FRANCESCO,Mediobanca,FR0014016CV2,"FRANCIA EUR 4,4% 57",EUR,BOND,6000.0,100.154999,,84.8,5168.8,-921.38,-15.33,,,,,,,
FRANCESCO,Mediobanca,FR0010870956,"FRENCH EUR 4,0% 60",EUR,BOND,6000.0,93.1875,,78.35,4782.52,-890.708,-15.95,,,,,,,
FRANCESCO,Mediobanca,XS2538441598,"ROMANIA EUR 6,62% 29",EUR,BOND,13000.0,107.662307,,104.85,13632.99,-368.058,-2.62,,,,,,,
FRANCESCO,Mediobanca,ES0000012M93,"SPAGNA 10/54 4,0%",EUR,BOND,5000.0,99.3586,,90.86,4703.12,-424.93,-8.55,,,,,,,
FRANCESCO,Mediobanca,XS2971937672,"UNGHERIA 4,875% 40",EUR,BOND,10000.0,99.8694,,97.96,10020.2,-190.993,-1.91,,,,,,,
FRANCESCO,Mediobanca,XS2680932907,"UNGHERIA 5,375% 9/33",EUR,BOND,11000.0,104.323363,,103.81,11439.97,-60.522,-0.52,,,,,,,
