ISIN,Descrizione,Emittente,Prezzo,Yield,Rating,Scadenza,Cedola,Duration
IT0005413171,"BTP 1,65% Dic 2030","REPUBLIC OF ITALY",91.49,3.94,BBB+,2030-12-01,1.65,3.87
IT0005494239,"BTP 2,50% Dic 2032","REPUBLIC OF ITALY",91.33,4.19,BBB+,2032-12-01,2.50,5.45
IT0005544082,"BTP 4,35% Nov 2033","REPUBLIC OF ITALY",100.64,4.34,BBB+,2033-11-01,4.35,5.82
IT0003535157,"BTP 5,00% Ago 2034","REPUBLIC OF ITALY",104.52,4.39,BBB+,2034-08-01,5.00,6.29
IT0005177909,"BTP 2,25% Set 2036","REPUBLIC OF ITALY",82.21,4.59,BBB+,2036-09-01,2.25,8.42
IT0005530032,"BTP 4,45% Set 2043","REPUBLIC OF ITALY",95.06,4.98,BBB+,2043-09-01,4.45,11.31
IT0004923998,"BTP 4,75% Set 2044","REPUBLIC OF ITALY",98.34,4.98,BBB+,2044-09-01,4.75,11.58
IT0005162828,"BTP 2,70% Mar 2047","REPUBLIC OF ITALY",71.26,5.06,BBB+,2047-03-01,2.70,14.03
IT0005273013,"BTP 3,45% Mar 2048","REPUBLIC OF ITALY",80.30,5.06,BBB+,2048-03-01,3.45,13.73
IT0005398406,"BTP 2,45% Set 2050","REPUBLIC OF ITALY",64.61,5.11,BBB+,2050-09-01,2.45,15.68
IT0005425233,"BTP 1,70% Set 2051","REPUBLIC OF ITALY",53.28,5.09,BBB+,2051-09-01,1.70,17.34
IT0005534141,"BTP 4,50% Ott 2053","REPUBLIC OF ITALY",91.78,5.16,BBB+,2053-10-01,4.50,14.61
IT0005217390,"BTP 2,80% Mar 2067","REPUBLIC OF ITALY",63.50,4.97,BBB+,2067-03-01,2.80,19.07