ISIN;Tipo_Asset;Descrizione
IT0005252686;FONDO;ARC REA BIL IT55 PIR
IT0004923998;BOND;BTP 01ST44 4,75%
IT0005611741;BOND;BTP 17.09.24-54 4,3%
IT0005534141;BOND;BTP 23.02.23-53 4,5
IT0005273013;BOND;BTP TF 3,45% MZ48 EU
IT0004286966;BOND;BTP-1AG39 5%
FR0014016CV2;BOND;FRANCIA EUR 4,4% 57
FR0010870956;BOND;FRENCH EUR 4,0% 60
XS2538441598;BOND;ROMANIA EUR 6,62% 29
IT0005712523;CERTIFICATE;SIEMENS/BBPM 27
ES0000012M93;BOND;SPAGNA 10/54 4,0%
IT0005712390;CERTIFICATE;STMICRO/BBPM 27
XS2971937672;BOND;UNGHERIA 4,875% 40
XS2680932907;BOND;UNGHERIA 5,375% 9/33
DE000VJ07CB1;CERTIFICATE;VON EXPE29